name,description,type,image_url
Bulbizarre,Pokémon Graîne,https://www.pokepedia.fr/images/thumb/6/62/Ic%C3%B4ne_Type_Plante_EB.png/30px-Ic%C3%B4ne_Type_Plante_EB.png,https://assets.pokemon.com/assets/cms2/img/pokedex/full/001.png
Herbizarre,Pokémon Graîne,https://www.pokepedia.fr/images/thumb/6/62/Ic%C3%B4ne_Type_Plante_EB.png/30px-Ic%C3%B4ne_Type_Plante_EB.png,https://assets.pokemon.com/assets/cms2/img/pokedex/full/002.png
Florizarre,Pokémon Graîne,https://www.pokepedia.fr/images/thumb/6/62/Ic%C3%B4ne_Type_Plante_EB.png/30px-Ic%C3%B4ne_Type_Plante_EB.png,https://assets.pokemon.com/assets/cms2/img/pokedex/full/003.png
Salamèche,Pokémon Salamandre,https://www.pokepedia.fr/images/thumb/0/09/Ic%C3%B4ne_Type_Feu_EB.png/30px-Ic%C3%B4ne_Type_Feu_EB.png,https://assets.pokemon.com/assets/cms2/img/pokedex/full/004.png
Reptincel,Pokémon Flamme,https://www.pokepedia.fr/images/thumb/0/09/Ic%C3%B4ne_Type_Feu_EB.png/30px-Ic%C3%B4ne_Type_Feu_EB.png,https://assets.pokemon.com/assets/cms2/img/pokedex/full/005.png
Dracaufeu,Pokémon Flamme,https://www.pokepedia.fr/images/thumb/0/09/Ic%C3%B4ne_Type_Feu_EB.png/30px-Ic%C3%B4ne_Type_Feu_EB.png,https://assets.pokemon.com/assets/cms2/img/pokedex/full/006.png
Carapuce,Pokémon Minitortue,https://www.pokepedia.fr/images/thumb/b/b1/Ic%C3%B4ne_Type_Eau_EB.png/30px-Ic%C3%B4ne_Type_Eau_EB.png,https://assets.pokemon.com/assets/cms2/img/pokedex/full/007.png
Carabaffe,Pokémon Tortue,https://www.pokepedia.fr/images/thumb/b/b1/Ic%C3%B4ne_Type_Eau_EB.png/30px-Ic%C3%B4ne_Type_Eau_EB.png,https://assets.pokemon.com/assets/cms2/img/pokedex/full/008.png
Tortank,Pokémon Carapace,https://www.pokepedia.fr/images/thumb/b/b1/Ic%C3%B4ne_Type_Eau_EB.png/30px-Ic%C3%B4ne_Type_Eau_EB.png,https://assets.pokemon.com/assets/cms2/img/pokedex/full/009.png
Chenipan,Pokémon Ver,https://www.pokepedia.fr/images/thumb/f/f8/Ic%C3%B4ne_Type_Insecte_EB.png/30px-Ic%C3%B4ne_Type_Insecte_EB.png,https://assets.pokemon.com/assets/cms2/img/pokedex/full/010.png
Chrysacier,Pokémon Cocon,https://www.pokepedia.fr/images/thumb/f/f8/Ic%C3%B4ne_Type_Insecte_EB.png/30px-Ic%C3%B4ne_Type_Insecte_EB.png,https://assets.pokemon.com/assets/cms2/img/pokedex/full/011.png
Papilusion,Pokémon Papillon,https://www.pokepedia.fr/images/thumb/f/f8/Ic%C3%B4ne_Type_Insecte_EB.png/30px-Ic%C3%B4ne_Type_Insecte_EB.png,https://assets.pokemon.com/assets/cms2/img/pokedex/full/012.png
Aspicot,Pokémon Insectopic,https://www.pokepedia.fr/images/thumb/f/f8/Ic%C3%B4ne_Type_Insecte_EB.png/30px-Ic%C3%B4ne_Type_Insecte_EB.png,https://assets.pokemon.com/assets/cms2/img/pokedex/full/013.png
Coconfort,Pokémon Cocon,https://www.pokepedia.fr/images/thumb/f/f8/Ic%C3%B4ne_Type_Insecte_EB.png/30px-Ic%C3%B4ne_Type_Insecte_EB.png,https://assets.pokemon.com/assets/cms2/img/pokedex/full/014.png
Dardargnan,Pokémon Guêpoison,https://www.pokepedia.fr/images/thumb/f/f8/Ic%C3%B4ne_Type_Insecte_EB.png/30px-Ic%C3%B4ne_Type_Insecte_EB.png,https://assets.pokemon.com/assets/cms2/img/pokedex/full/015.png
Roucool,Pokémon Minoiseau,https://www.pokepedia.fr/images/thumb/5/55/Ic%C3%B4ne_Type_Normal_EB.png/30px-Ic%C3%B4ne_Type_Normal_EB.png,https://assets.pokemon.com/assets/cms2/img/pokedex/full/016.png
Roucoups,Pokémon Oiseau,https://www.pokepedia.fr/images/thumb/5/55/Ic%C3%B4ne_Type_Normal_EB.png/30px-Ic%C3%B4ne_Type_Normal_EB.png,https://assets.pokemon.com/assets/cms2/img/pokedex/full/017.png
Roucarnage,Pokémon Oiseau,https://www.pokepedia.fr/images/thumb/5/55/Ic%C3%B4ne_Type_Normal_EB.png/30px-Ic%C3%B4ne_Type_Normal_EB.png,https://assets.pokemon.com/assets/cms2/img/pokedex/full/018.png
Rattata,Pokémon Souris,https://www.pokepedia.fr/images/thumb/5/55/Ic%C3%B4ne_Type_Normal_EB.png/30px-Ic%C3%B4ne_Type_Normal_EB.png,https://assets.pokemon.com/assets/cms2/img/pokedex/full/019.png
Rattatac,Pokémon Souris,https://www.pokepedia.fr/images/thumb/5/55/Ic%C3%B4ne_Type_Normal_EB.png/30px-Ic%C3%B4ne_Type_Normal_EB.png,https://assets.pokemon.com/assets/cms2/img/pokedex/full/020.png
Piafabec,Pokémon Minoiseau,https://www.pokepedia.fr/images/thumb/5/55/Ic%C3%B4ne_Type_Normal_EB.png/30px-Ic%C3%B4ne_Type_Normal_EB.png,https://assets.pokemon.com/assets/cms2/img/pokedex/full/021.png
Rapasdepic,Pokémon Bec-Oiseau,https://www.pokepedia.fr/images/thumb/5/55/Ic%C3%B4ne_Type_Normal_EB.png/30px-Ic%C3%B4ne_Type_Normal_EB.png,https://assets.pokemon.com/assets/cms2/img/pokedex/full/022.png
Abo,Pokémon Serpent,https://www.pokepedia.fr/images/thumb/a/a7/Ic%C3%B4ne_Type_Poison_EB.png/30px-Ic%C3%B4ne_Type_Poison_EB.png,https://assets.pokemon.com/assets/cms2/img/pokedex/full/023.png
Arbok,Pokémon Cobra,https://www.pokepedia.fr/images/thumb/a/a7/Ic%C3%B4ne_Type_Poison_EB.png/30px-Ic%C3%B4ne_Type_Poison_EB.png,https://assets.pokemon.com/assets/cms2/img/pokedex/full/024.png
Pikachu,Pokémon Souris,https://www.pokepedia.fr/images/thumb/c/c5/Ic%C3%B4ne_Type_%C3%89lectrik_EB.png/30px-Ic%C3%B4ne_Type_%C3%89lectrik_EB.png,https://assets.pokemon.com/assets/cms2/img/pokedex/full/025.png
Raichu,Pokémon Souris,https://www.pokepedia.fr/images/thumb/c/c5/Ic%C3%B4ne_Type_%C3%89lectrik_EB.png/30px-Ic%C3%B4ne_Type_%C3%89lectrik_EB.png,https://assets.pokemon.com/assets/cms2/img/pokedex/full/026.png
Sabelette,Pokémon Souris,https://www.pokepedia.fr/images/thumb/f/f3/Ic%C3%B4ne_Type_Sol_EB.png/30px-Ic%C3%B4ne_Type_Sol_EB.png,https://assets.pokemon.com/assets/cms2/img/pokedex/full/027.png
Sablaireau,Pokémon Souris,https://www.pokepedia.fr/images/thumb/f/f3/Ic%C3%B4ne_Type_Sol_EB.png/30px-Ic%C3%B4ne_Type_Sol_EB.png,https://assets.pokemon.com/assets/cms2/img/pokedex/full/028.png
Nidoranfemelle,Pokémon Vénépic,https://www.pokepedia.fr/images/thumb/a/a7/Ic%C3%B4ne_Type_Poison_EB.png/30px-Ic%C3%B4ne_Type_Poison_EB.png,https://assets.pokemon.com/assets/cms2/img/pokedex/full/029.png
Nidorina,Pokémon Vénépic,https://www.pokepedia.fr/images/thumb/a/a7/Ic%C3%B4ne_Type_Poison_EB.png/30px-Ic%C3%B4ne_Type_Poison_EB.png,https://assets.pokemon.com/assets/cms2/img/pokedex/full/030.png
Nidoqueen,Pokémon Perceur,https://www.pokepedia.fr/images/thumb/a/a7/Ic%C3%B4ne_Type_Poison_EB.png/30px-Ic%C3%B4ne_Type_Poison_EB.png,https://assets.pokemon.com/assets/cms2/img/pokedex/full/031.png
Nidoranmâle,Pokémon Vénépic,https://www.pokepedia.fr/images/thumb/a/a7/Ic%C3%B4ne_Type_Poison_EB.png/30px-Ic%C3%B4ne_Type_Poison_EB.png,https://assets.pokemon.com/assets/cms2/img/pokedex/full/032.png
Nidorino,Pokémon Vénépic,https://www.pokepedia.fr/images/thumb/a/a7/Ic%C3%B4ne_Type_Poison_EB.png/30px-Ic%C3%B4ne_Type_Poison_EB.png,https://assets.pokemon.com/assets/cms2/img/pokedex/full/033.png
Nidoking,Pokémon Perceur,https://www.pokepedia.fr/images/thumb/a/a7/Ic%C3%B4ne_Type_Poison_EB.png/30px-Ic%C3%B4ne_Type_Poison_EB.png,https://assets.pokemon.com/assets/cms2/img/pokedex/full/034.png
Mélofée,Pokémon Fée,https://www.pokepedia.fr/images/thumb/5/55/Ic%C3%B4ne_Type_Normal_EB.png/30px-Ic%C3%B4ne_Type_Normal_EB.png,https://assets.pokemon.com/assets/cms2/img/pokedex/full/035.png
Mélodelfe,Pokémon Fée,https://www.pokepedia.fr/images/thumb/5/55/Ic%C3%B4ne_Type_Normal_EB.png/30px-Ic%C3%B4ne_Type_Normal_EB.png,https://assets.pokemon.com/assets/cms2/img/pokedex/full/036.png
Goupix,Pokémon Renard,https://www.pokepedia.fr/images/thumb/0/09/Ic%C3%B4ne_Type_Feu_EB.png/30px-Ic%C3%B4ne_Type_Feu_EB.png,https://assets.pokemon.com/assets/cms2/img/pokedex/full/037.png
Feunard,Pokémon Renard,https://www.pokepedia.fr/images/thumb/0/09/Ic%C3%B4ne_Type_Feu_EB.png/30px-Ic%C3%B4ne_Type_Feu_EB.png,https://assets.pokemon.com/assets/cms2/img/pokedex/full/038.png
Rondoudou,Pokémon Bouboule,https://www.pokepedia.fr/images/thumb/5/55/Ic%C3%B4ne_Type_Normal_EB.png/30px-Ic%C3%B4ne_Type_Normal_EB.png,https://assets.pokemon.com/assets/cms2/img/pokedex/full/039.png
Grodoudou,Pokémon Bouboule,https://www.pokepedia.fr/images/thumb/5/55/Ic%C3%B4ne_Type_Normal_EB.png/30px-Ic%C3%B4ne_Type_Normal_EB.png,https://assets.pokemon.com/assets/cms2/img/pokedex/full/040.png
Nosferapti,Pokémon Chovsouris,https://www.pokepedia.fr/images/thumb/e/ed/Ic%C3%B4ne_Type_Vol_EB.png/30px-Ic%C3%B4ne_Type_Vol_EB.png,https://assets.pokemon.com/assets/cms2/img/pokedex/full/041.png
Nosferalto,Pokémon Chovsouris,https://www.pokepedia.fr/images/thumb/e/ed/Ic%C3%B4ne_Type_Vol_EB.png/30px-Ic%C3%B4ne_Type_Vol_EB.png,https://assets.pokemon.com/assets/cms2/img/pokedex/full/042.png
Mystherbe,Pokémon Racine,https://www.pokepedia.fr/images/thumb/6/62/Ic%C3%B4ne_Type_Plante_EB.png/30px-Ic%C3%B4ne_Type_Plante_EB.png,https://assets.pokemon.com/assets/cms2/img/pokedex/full/043.png
Ortide,Pokémon Racine,https://www.pokepedia.fr/images/thumb/6/62/Ic%C3%B4ne_Type_Plante_EB.png/30px-Ic%C3%B4ne_Type_Plante_EB.png,https://assets.pokemon.com/assets/cms2/img/pokedex/full/044.png
Rafflesia,Pokémon Fleur,https://www.pokepedia.fr/images/thumb/6/62/Ic%C3%B4ne_Type_Plante_EB.png/30px-Ic%C3%B4ne_Type_Plante_EB.png,https://assets.pokemon.com/assets/cms2/img/pokedex/full/045.png
Paras,Pokémon Champignon,https://www.pokepedia.fr/images/thumb/f/f8/Ic%C3%B4ne_Type_Insecte_EB.png/30px-Ic%C3%B4ne_Type_Insecte_EB.png,https://assets.pokemon.com/assets/cms2/img/pokedex/full/046.png
Parasect,Pokémon Champignon,https://www.pokepedia.fr/images/thumb/f/f8/Ic%C3%B4ne_Type_Insecte_EB.png/30px-Ic%C3%B4ne_Type_Insecte_EB.png,https://assets.pokemon.com/assets/cms2/img/pokedex/full/047.png
Mimitoss,Pokémon Vermine,https://www.pokepedia.fr/images/thumb/f/f8/Ic%C3%B4ne_Type_Insecte_EB.png/30px-Ic%C3%B4ne_Type_Insecte_EB.png,https://assets.pokemon.com/assets/cms2/img/pokedex/full/048.png
Aéromite,Pokémon Papipoison,https://www.pokepedia.fr/images/thumb/f/f8/Ic%C3%B4ne_Type_Insecte_EB.png/30px-Ic%C3%B4ne_Type_Insecte_EB.png,https://assets.pokemon.com/assets/cms2/img/pokedex/full/049.png
Taupiqueur,Pokémon Taupe,https://www.pokepedia.fr/images/thumb/f/f3/Ic%C3%B4ne_Type_Sol_EB.png/30px-Ic%C3%B4ne_Type_Sol_EB.png,https://assets.pokemon.com/assets/cms2/img/pokedex/full/050.png
Triopikeur,Pokémon Taupe,https://www.pokepedia.fr/images/thumb/f/f3/Ic%C3%B4ne_Type_Sol_EB.png/30px-Ic%C3%B4ne_Type_Sol_EB.png,https://assets.pokemon.com/assets/cms2/img/pokedex/full/051.png
Miaouss,Pokémon Chadégout,https://www.pokepedia.fr/images/thumb/5/55/Ic%C3%B4ne_Type_Normal_EB.png/30px-Ic%C3%B4ne_Type_Normal_EB.png,https://assets.pokemon.com/assets/cms2/img/pokedex/full/052.png
Persian,Pokémon Chadeville,https://www.pokepedia.fr/images/thumb/5/55/Ic%C3%B4ne_Type_Normal_EB.png/30px-Ic%C3%B4ne_Type_Normal_EB.png,https://assets.pokemon.com/assets/cms2/img/pokedex/full/053.png
Psykokwak,Pokémon Canard,https://www.pokepedia.fr/images/thumb/b/b1/Ic%C3%B4ne_Type_Eau_EB.png/30px-Ic%C3%B4ne_Type_Eau_EB.png,https://assets.pokemon.com/assets/cms2/img/pokedex/full/054.png
Akwakwak,Pokémon Canard,https://www.pokepedia.fr/images/thumb/b/b1/Ic%C3%B4ne_Type_Eau_EB.png/30px-Ic%C3%B4ne_Type_Eau_EB.png,https://assets.pokemon.com/assets/cms2/img/pokedex/full/055.png
Férosinge,Pokémon Porsinge,https://www.pokepedia.fr/images/thumb/c/c2/Ic%C3%B4ne_Type_Combat_EB.png/30px-Ic%C3%B4ne_Type_Combat_EB.png,https://assets.pokemon.com/assets/cms2/img/pokedex/full/056.png
Colossinge,Pokémon Porsinge,https://www.pokepedia.fr/images/thumb/c/c2/Ic%C3%B4ne_Type_Combat_EB.png/30px-Ic%C3%B4ne_Type_Combat_EB.png,https://assets.pokemon.com/assets/cms2/img/pokedex/full/057.png
Caninos,Pokémon Chiot,https://www.pokepedia.fr/images/thumb/0/09/Ic%C3%B4ne_Type_Feu_EB.png/30px-Ic%C3%B4ne_Type_Feu_EB.png,https://assets.pokemon.com/assets/cms2/img/pokedex/full/058.png
Arcanin,Pokémon Légendaire,https://www.pokepedia.fr/images/thumb/0/09/Ic%C3%B4ne_Type_Feu_EB.png/30px-Ic%C3%B4ne_Type_Feu_EB.png,https://assets.pokemon.com/assets/cms2/img/pokedex/full/059.png
Ptitard,Pokémon Têtard,https://www.pokepedia.fr/images/thumb/b/b1/Ic%C3%B4ne_Type_Eau_EB.png/30px-Ic%C3%B4ne_Type_Eau_EB.png,https://assets.pokemon.com/assets/cms2/img/pokedex/full/060.png
Têtarte,Pokémon Têtard,https://www.pokepedia.fr/images/thumb/b/b1/Ic%C3%B4ne_Type_Eau_EB.png/30px-Ic%C3%B4ne_Type_Eau_EB.png,https://assets.pokemon.com/assets/cms2/img/pokedex/full/061.png
Tartard,Pokémon Têtard,https://www.pokepedia.fr/images/thumb/b/b1/Ic%C3%B4ne_Type_Eau_EB.png/30px-Ic%C3%B4ne_Type_Eau_EB.png,https://assets.pokemon.com/assets/cms2/img/pokedex/full/062.png
Abra,Pokémon Psy,https://www.pokepedia.fr/images/thumb/9/98/Ic%C3%B4ne_Type_Psy_EB.png/30px-Ic%C3%B4ne_Type_Psy_EB.png,https://assets.pokemon.com/assets/cms2/img/pokedex/full/063.png
Kadabra,Pokémon Psy,https://www.pokepedia.fr/images/thumb/9/98/Ic%C3%B4ne_Type_Psy_EB.png/30px-Ic%C3%B4ne_Type_Psy_EB.png,https://assets.pokemon.com/assets/cms2/img/pokedex/full/064.png
Alakazam,Pokémon Psy,https://www.pokepedia.fr/images/thumb/9/98/Ic%C3%B4ne_Type_Psy_EB.png/30px-Ic%C3%B4ne_Type_Psy_EB.png,https://assets.pokemon.com/assets/cms2/img/pokedex/full/065.png
Machoc,Pokémon Colosse,https://www.pokepedia.fr/images/thumb/c/c2/Ic%C3%B4ne_Type_Combat_EB.png/30px-Ic%C3%B4ne_Type_Combat_EB.png,https://assets.pokemon.com/assets/cms2/img/pokedex/full/066.png
Machopeur,Pokémon Colosse,https://www.pokepedia.fr/images/thumb/c/c2/Ic%C3%B4ne_Type_Combat_EB.png/30px-Ic%C3%B4ne_Type_Combat_EB.png,https://assets.pokemon.com/assets/cms2/img/pokedex/full/067.png
Mackogneur,Pokémon Colosse,https://www.pokepedia.fr/images/thumb/c/c2/Ic%C3%B4ne_Type_Combat_EB.png/30px-Ic%C3%B4ne_Type_Combat_EB.png,https://assets.pokemon.com/assets/cms2/img/pokedex/full/068.png
Chétiflor,Pokémon Fleur,https://www.pokepedia.fr/images/thumb/6/62/Ic%C3%B4ne_Type_Plante_EB.png/30px-Ic%C3%B4ne_Type_Plante_EB.png,https://assets.pokemon.com/assets/cms2/img/pokedex/full/069.png
Boustiflor,Pokémon Carnivore,https://www.pokepedia.fr/images/thumb/6/62/Ic%C3%B4ne_Type_Plante_EB.png/30px-Ic%C3%B4ne_Type_Plante_EB.png,https://assets.pokemon.com/assets/cms2/img/pokedex/full/070.png
Empiflor,Pokémon Carnivore,https://www.pokepedia.fr/images/thumb/6/62/Ic%C3%B4ne_Type_Plante_EB.png/30px-Ic%C3%B4ne_Type_Plante_EB.png,https://assets.pokemon.com/assets/cms2/img/pokedex/full/071.png
Tentacool,Pokémon Mollusque,https://www.pokepedia.fr/images/thumb/b/b1/Ic%C3%B4ne_Type_Eau_EB.png/30px-Ic%C3%B4ne_Type_Eau_EB.png,https://assets.pokemon.com/assets/cms2/img/pokedex/full/072.png
Tentacruel,Pokémon Mollusque,https://www.pokepedia.fr/images/thumb/b/b1/Ic%C3%B4ne_Type_Eau_EB.png/30px-Ic%C3%B4ne_Type_Eau_EB.png,https://assets.pokemon.com/assets/cms2/img/pokedex/full/073.png
Racaillou,Pokémon Roche,https://www.pokepedia.fr/images/thumb/f/f3/Ic%C3%B4ne_Type_Sol_EB.png/30px-Ic%C3%B4ne_Type_Sol_EB.png,https://assets.pokemon.com/assets/cms2/img/pokedex/full/074.png
Gravalanch,Pokémon Roche,https://www.pokepedia.fr/images/thumb/f/f3/Ic%C3%B4ne_Type_Sol_EB.png/30px-Ic%C3%B4ne_Type_Sol_EB.png,https://assets.pokemon.com/assets/cms2/img/pokedex/full/075.png
Grolem,Pokémon Titanesque,https://www.pokepedia.fr/images/thumb/f/f3/Ic%C3%B4ne_Type_Sol_EB.png/30px-Ic%C3%B4ne_Type_Sol_EB.png,https://assets.pokemon.com/assets/cms2/img/pokedex/full/076.png
Ponyta,Pokémon Cheval Feu,https://www.pokepedia.fr/images/thumb/0/09/Ic%C3%B4ne_Type_Feu_EB.png/30px-Ic%C3%B4ne_Type_Feu_EB.png,https://assets.pokemon.com/assets/cms2/img/pokedex/full/077.png
Galopa,Pokémon Cheval Feu,https://www.pokepedia.fr/images/thumb/0/09/Ic%C3%B4ne_Type_Feu_EB.png/30px-Ic%C3%B4ne_Type_Feu_EB.png,https://assets.pokemon.com/assets/cms2/img/pokedex/full/078.png
Ramoloss,Pokémon Crétin,https://www.pokepedia.fr/images/thumb/b/b1/Ic%C3%B4ne_Type_Eau_EB.png/30px-Ic%C3%B4ne_Type_Eau_EB.png,https://assets.pokemon.com/assets/cms2/img/pokedex/full/079.png
Flagadoss,Pokémon Symbiose,https://www.pokepedia.fr/images/thumb/b/b1/Ic%C3%B4ne_Type_Eau_EB.png/30px-Ic%C3%B4ne_Type_Eau_EB.png,https://assets.pokemon.com/assets/cms2/img/pokedex/full/080.png
Magnéti,Pokémon Magnétique,https://www.pokepedia.fr/images/thumb/c/c5/Ic%C3%B4ne_Type_%C3%89lectrik_EB.png/30px-Ic%C3%B4ne_Type_%C3%89lectrik_EB.png,https://assets.pokemon.com/assets/cms2/img/pokedex/full/081.png
Magnéton,Pokémon Magnétique,https://www.pokepedia.fr/images/thumb/c/c5/Ic%C3%B4ne_Type_%C3%89lectrik_EB.png/30px-Ic%C3%B4ne_Type_%C3%89lectrik_EB.png,https://assets.pokemon.com/assets/cms2/img/pokedex/full/082.png
Canarticho,Pokémon Canard Fou,https://www.pokepedia.fr/images/thumb/5/55/Ic%C3%B4ne_Type_Normal_EB.png/30px-Ic%C3%B4ne_Type_Normal_EB.png,https://assets.pokemon.com/assets/cms2/img/pokedex/full/083.png
Doduo,Pokémon Duoiseau,https://www.pokepedia.fr/images/thumb/5/55/Ic%C3%B4ne_Type_Normal_EB.png/30px-Ic%C3%B4ne_Type_Normal_EB.png,https://assets.pokemon.com/assets/cms2/img/pokedex/full/084.png
Dodrio,Pokémon Trioiseau,https://www.pokepedia.fr/images/thumb/5/55/Ic%C3%B4ne_Type_Normal_EB.png/30px-Ic%C3%B4ne_Type_Normal_EB.png,https://assets.pokemon.com/assets/cms2/img/pokedex/full/085.png
Otaria,Pokémon Otarie,https://www.pokepedia.fr/images/thumb/b/b1/Ic%C3%B4ne_Type_Eau_EB.png/30px-Ic%C3%B4ne_Type_Eau_EB.png,https://assets.pokemon.com/assets/cms2/img/pokedex/full/086.png
Lamantine,Pokémon Otarie,https://www.pokepedia.fr/images/thumb/b/b1/Ic%C3%B4ne_Type_Eau_EB.png/30px-Ic%C3%B4ne_Type_Eau_EB.png,https://assets.pokemon.com/assets/cms2/img/pokedex/full/087.png
Tadmorv,Pokémon Dégueu,https://www.pokepedia.fr/images/thumb/a/a7/Ic%C3%B4ne_Type_Poison_EB.png/30px-Ic%C3%B4ne_Type_Poison_EB.png,https://assets.pokemon.com/assets/cms2/img/pokedex/full/088.png
Grotadmorv,Pokémon Dégueu,https://www.pokepedia.fr/images/thumb/a/a7/Ic%C3%B4ne_Type_Poison_EB.png/30px-Ic%C3%B4ne_Type_Poison_EB.png,https://assets.pokemon.com/assets/cms2/img/pokedex/full/089.png
Kokiyas,Pokémon Bivalve,https://www.pokepedia.fr/images/thumb/b/b1/Ic%C3%B4ne_Type_Eau_EB.png/30px-Ic%C3%B4ne_Type_Eau_EB.png,https://assets.pokemon.com/assets/cms2/img/pokedex/full/090.png
Crustabri,Pokémon Bivalve,https://www.pokepedia.fr/images/thumb/b/b1/Ic%C3%B4ne_Type_Eau_EB.png/30px-Ic%C3%B4ne_Type_Eau_EB.png,https://assets.pokemon.com/assets/cms2/img/pokedex/full/091.png
Fantominus,Pokémon Gaz,https://www.pokepedia.fr/images/thumb/f/f9/Ic%C3%B4ne_Type_Spectre_EB.png/30px-Ic%C3%B4ne_Type_Spectre_EB.png,https://assets.pokemon.com/assets/cms2/img/pokedex/full/092.png
Spectrum,Pokémon Gaz,https://www.pokepedia.fr/images/thumb/f/f9/Ic%C3%B4ne_Type_Spectre_EB.png/30px-Ic%C3%B4ne_Type_Spectre_EB.png,https://assets.pokemon.com/assets/cms2/img/pokedex/full/093.png
Ectoplasma,Pokémon Ombre,https://www.pokepedia.fr/images/thumb/f/f9/Ic%C3%B4ne_Type_Spectre_EB.png/30px-Ic%C3%B4ne_Type_Spectre_EB.png,https://assets.pokemon.com/assets/cms2/img/pokedex/full/094.png
Onix,Pokémon Serpenroc,https://www.pokepedia.fr/images/thumb/f/f3/Ic%C3%B4ne_Type_Sol_EB.png/30px-Ic%C3%B4ne_Type_Sol_EB.png,https://assets.pokemon.com/assets/cms2/img/pokedex/full/095.png
Soporifik,Pokémon Hypnose,https://www.pokepedia.fr/images/thumb/9/98/Ic%C3%B4ne_Type_Psy_EB.png/30px-Ic%C3%B4ne_Type_Psy_EB.png,https://assets.pokemon.com/assets/cms2/img/pokedex/full/096.png
Hypnomade,Pokémon Hypnose,https://www.pokepedia.fr/images/thumb/9/98/Ic%C3%B4ne_Type_Psy_EB.png/30px-Ic%C3%B4ne_Type_Psy_EB.png,https://assets.pokemon.com/assets/cms2/img/pokedex/full/097.png
Krabby,Pokémon Doux Crabe,https://www.pokepedia.fr/images/thumb/b/b1/Ic%C3%B4ne_Type_Eau_EB.png/30px-Ic%C3%B4ne_Type_Eau_EB.png,https://assets.pokemon.com/assets/cms2/img/pokedex/full/098.png
Krabboss,Pokémon Pince,https://www.pokepedia.fr/images/thumb/b/b1/Ic%C3%B4ne_Type_Eau_EB.png/30px-Ic%C3%B4ne_Type_Eau_EB.png,https://assets.pokemon.com/assets/cms2/img/pokedex/full/099.png
Voltorbe,Pokémon Balle,https://www.pokepedia.fr/images/thumb/c/c5/Ic%C3%B4ne_Type_%C3%89lectrik_EB.png/30px-Ic%C3%B4ne_Type_%C3%89lectrik_EB.png,https://assets.pokemon.com/assets/cms2/img/pokedex/full/100.png
Electrode,Pokémon Balle,https://www.pokepedia.fr/images/thumb/c/c5/Ic%C3%B4ne_Type_%C3%89lectrik_EB.png/30px-Ic%C3%B4ne_Type_%C3%89lectrik_EB.png,https://assets.pokemon.com/assets/cms2/img/pokedex/full/101.png
Noeunoeuf,Pokémon Œuf,https://www.pokepedia.fr/images/thumb/6/62/Ic%C3%B4ne_Type_Plante_EB.png/30px-Ic%C3%B4ne_Type_Plante_EB.png,https://assets.pokemon.com/assets/cms2/img/pokedex/full/102.png
Noadkoko,Pokémon Fruitpalme,https://www.pokepedia.fr/images/thumb/6/62/Ic%C3%B4ne_Type_Plante_EB.png/30px-Ic%C3%B4ne_Type_Plante_EB.png,https://assets.pokemon.com/assets/cms2/img/pokedex/full/103.png
Osselait,Pokémon Solitaire,https://www.pokepedia.fr/images/thumb/f/f3/Ic%C3%B4ne_Type_Sol_EB.png/30px-Ic%C3%B4ne_Type_Sol_EB.png,https://assets.pokemon.com/assets/cms2/img/pokedex/full/104.png
Ossatueur,Pokémon Gard’Os,https://www.pokepedia.fr/images/thumb/f/f3/Ic%C3%B4ne_Type_Sol_EB.png/30px-Ic%C3%B4ne_Type_Sol_EB.png,https://assets.pokemon.com/assets/cms2/img/pokedex/full/105.png
Kicklee,Pokémon Latteur,https://www.pokepedia.fr/images/thumb/c/c2/Ic%C3%B4ne_Type_Combat_EB.png/30px-Ic%C3%B4ne_Type_Combat_EB.png,https://assets.pokemon.com/assets/cms2/img/pokedex/full/106.png
Tygnon,Pokémon Puncheur,https://www.pokepedia.fr/images/thumb/c/c2/Ic%C3%B4ne_Type_Combat_EB.png/30px-Ic%C3%B4ne_Type_Combat_EB.png,https://assets.pokemon.com/assets/cms2/img/pokedex/full/107.png
Excelangue,Pokémon Lécheur,https://www.pokepedia.fr/images/thumb/5/55/Ic%C3%B4ne_Type_Normal_EB.png/30px-Ic%C3%B4ne_Type_Normal_EB.png,https://assets.pokemon.com/assets/cms2/img/pokedex/full/108.png
Smogo,Pokémon Gaz Mortel,https://www.pokepedia.fr/images/thumb/a/a7/Ic%C3%B4ne_Type_Poison_EB.png/30px-Ic%C3%B4ne_Type_Poison_EB.png,https://assets.pokemon.com/assets/cms2/img/pokedex/full/109.png
Smogogo,Pokémon Gaz Mortel,https://www.pokepedia.fr/images/thumb/a/a7/Ic%C3%B4ne_Type_Poison_EB.png/30px-Ic%C3%B4ne_Type_Poison_EB.png,https://assets.pokemon.com/assets/cms2/img/pokedex/full/110.png
Rhinocorne,Pokémon Piquant,https://www.pokepedia.fr/images/thumb/f/f3/Ic%C3%B4ne_Type_Sol_EB.png/30px-Ic%C3%B4ne_Type_Sol_EB.png,https://assets.pokemon.com/assets/cms2/img/pokedex/full/111.png
Rhinoféros,Pokémon Perceur,https://www.pokepedia.fr/images/thumb/f/f3/Ic%C3%B4ne_Type_Sol_EB.png/30px-Ic%C3%B4ne_Type_Sol_EB.png,https://assets.pokemon.com/assets/cms2/img/pokedex/full/112.png
Leveinard,Pokémon Œuf,https://www.pokepedia.fr/images/thumb/5/55/Ic%C3%B4ne_Type_Normal_EB.png/30px-Ic%C3%B4ne_Type_Normal_EB.png,https://assets.pokemon.com/assets/cms2/img/pokedex/full/113.png
Saquedeneu,Pokémon Vigne,https://www.pokepedia.fr/images/thumb/6/62/Ic%C3%B4ne_Type_Plante_EB.png/30px-Ic%C3%B4ne_Type_Plante_EB.png,https://assets.pokemon.com/assets/cms2/img/pokedex/full/114.png
Kangourex,Pokémon Maternel,https://www.pokepedia.fr/images/thumb/5/55/Ic%C3%B4ne_Type_Normal_EB.png/30px-Ic%C3%B4ne_Type_Normal_EB.png,https://assets.pokemon.com/assets/cms2/img/pokedex/full/115.png
Hypotrempe,Pokémon Dragon,https://www.pokepedia.fr/images/thumb/b/b1/Ic%C3%B4ne_Type_Eau_EB.png/30px-Ic%C3%B4ne_Type_Eau_EB.png,https://assets.pokemon.com/assets/cms2/img/pokedex/full/116.png
Hypocéan,Pokémon Dragon,https://www.pokepedia.fr/images/thumb/b/b1/Ic%C3%B4ne_Type_Eau_EB.png/30px-Ic%C3%B4ne_Type_Eau_EB.png,https://assets.pokemon.com/assets/cms2/img/pokedex/full/117.png
Poissirène,Pokémon Poisson,https://www.pokepedia.fr/images/thumb/b/b1/Ic%C3%B4ne_Type_Eau_EB.png/30px-Ic%C3%B4ne_Type_Eau_EB.png,https://assets.pokemon.com/assets/cms2/img/pokedex/full/118.png
Poissoroy,Pokémon Poisson,https://www.pokepedia.fr/images/thumb/b/b1/Ic%C3%B4ne_Type_Eau_EB.png/30px-Ic%C3%B4ne_Type_Eau_EB.png,https://assets.pokemon.com/assets/cms2/img/pokedex/full/119.png
Stari,Pokémon Étoile,https://www.pokepedia.fr/images/thumb/b/b1/Ic%C3%B4ne_Type_Eau_EB.png/30px-Ic%C3%B4ne_Type_Eau_EB.png,https://assets.pokemon.com/assets/cms2/img/pokedex/full/120.png
Staross,Pokémon Mystérieux,https://www.pokepedia.fr/images/thumb/b/b1/Ic%C3%B4ne_Type_Eau_EB.png/30px-Ic%C3%B4ne_Type_Eau_EB.png,https://assets.pokemon.com/assets/cms2/img/pokedex/full/121.png
M. Mime,Pokémon Bloqueur,https://www.pokepedia.fr/images/thumb/9/98/Ic%C3%B4ne_Type_Psy_EB.png/30px-Ic%C3%B4ne_Type_Psy_EB.png,https://assets.pokemon.com/assets/cms2/img/pokedex/full/122.png
Insécateur,Pokémon Mante,https://www.pokepedia.fr/images/thumb/f/f8/Ic%C3%B4ne_Type_Insecte_EB.png/30px-Ic%C3%B4ne_Type_Insecte_EB.png,https://assets.pokemon.com/assets/cms2/img/pokedex/full/123.png
Lippoutou,Pokémon Humanoïde,https://www.pokepedia.fr/images/thumb/7/7d/Ic%C3%B4ne_Type_Glace_EB.png/30px-Ic%C3%B4ne_Type_Glace_EB.png,https://assets.pokemon.com/assets/cms2/img/pokedex/full/124.png
Elektek,Pokémon Électrique,https://www.pokepedia.fr/images/thumb/c/c5/Ic%C3%B4ne_Type_%C3%89lectrik_EB.png/30px-Ic%C3%B4ne_Type_%C3%89lectrik_EB.png,https://assets.pokemon.com/assets/cms2/img/pokedex/full/125.png
Magmar,Pokémon Crache-Feu,https://www.pokepedia.fr/images/thumb/0/09/Ic%C3%B4ne_Type_Feu_EB.png/30px-Ic%C3%B4ne_Type_Feu_EB.png,https://assets.pokemon.com/assets/cms2/img/pokedex/full/126.png
Scarabrute,Pokémon Scarabée,https://www.pokepedia.fr/images/thumb/f/f8/Ic%C3%B4ne_Type_Insecte_EB.png/30px-Ic%C3%B4ne_Type_Insecte_EB.png,https://assets.pokemon.com/assets/cms2/img/pokedex/full/127.png
Tauros,Pokémon Buffle,https://www.pokepedia.fr/images/thumb/5/55/Ic%C3%B4ne_Type_Normal_EB.png/30px-Ic%C3%B4ne_Type_Normal_EB.png,https://assets.pokemon.com/assets/cms2/img/pokedex/full/128.png
Magicarpe,Pokémon Poisson,https://www.pokepedia.fr/images/thumb/b/b1/Ic%C3%B4ne_Type_Eau_EB.png/30px-Ic%C3%B4ne_Type_Eau_EB.png,https://assets.pokemon.com/assets/cms2/img/pokedex/full/129.png
Léviator,Pokémon Terrifiant,https://www.pokepedia.fr/images/thumb/b/b1/Ic%C3%B4ne_Type_Eau_EB.png/30px-Ic%C3%B4ne_Type_Eau_EB.png,https://assets.pokemon.com/assets/cms2/img/pokedex/full/130.png
Lokhlass,Pokémon Transport,https://www.pokepedia.fr/images/thumb/b/b1/Ic%C3%B4ne_Type_Eau_EB.png/30px-Ic%C3%B4ne_Type_Eau_EB.png,https://assets.pokemon.com/assets/cms2/img/pokedex/full/131.png
Métamorph,Pokémon Morphing,https://www.pokepedia.fr/images/thumb/5/55/Ic%C3%B4ne_Type_Normal_EB.png/30px-Ic%C3%B4ne_Type_Normal_EB.png,https://assets.pokemon.com/assets/cms2/img/pokedex/full/132.png
Evoli,Pokémon Évolutif,https://www.pokepedia.fr/images/thumb/5/55/Ic%C3%B4ne_Type_Normal_EB.png/30px-Ic%C3%B4ne_Type_Normal_EB.png,https://assets.pokemon.com/assets/cms2/img/pokedex/full/133.png
Aquali,Pokémon Bulleur,https://www.pokepedia.fr/images/thumb/b/b1/Ic%C3%B4ne_Type_Eau_EB.png/30px-Ic%C3%B4ne_Type_Eau_EB.png,https://assets.pokemon.com/assets/cms2/img/pokedex/full/134.png
Voltali,Pokémon Orage,https://www.pokepedia.fr/images/thumb/c/c5/Ic%C3%B4ne_Type_%C3%89lectrik_EB.png/30px-Ic%C3%B4ne_Type_%C3%89lectrik_EB.png,https://assets.pokemon.com/assets/cms2/img/pokedex/full/135.png
Pyroli,Pokémon Flamme,https://www.pokepedia.fr/images/thumb/0/09/Ic%C3%B4ne_Type_Feu_EB.png/30px-Ic%C3%B4ne_Type_Feu_EB.png,https://assets.pokemon.com/assets/cms2/img/pokedex/full/136.png
Porygon,Pokémon Virtuel,https://www.pokepedia.fr/images/thumb/5/55/Ic%C3%B4ne_Type_Normal_EB.png/30px-Ic%C3%B4ne_Type_Normal_EB.png,https://assets.pokemon.com/assets/cms2/img/pokedex/full/137.png
Amonita,Pokémon Spirale,https://www.pokepedia.fr/images/thumb/e/e9/Ic%C3%B4ne_Type_Roche_EB.png/30px-Ic%C3%B4ne_Type_Roche_EB.png,https://assets.pokemon.com/assets/cms2/img/pokedex/full/138.png
Amonistar,Pokémon Spirale,https://www.pokepedia.fr/images/thumb/e/e9/Ic%C3%B4ne_Type_Roche_EB.png/30px-Ic%C3%B4ne_Type_Roche_EB.png,https://assets.pokemon.com/assets/cms2/img/pokedex/full/139.png
Kabuto,Pokémon Carapace,https://www.pokepedia.fr/images/thumb/e/e9/Ic%C3%B4ne_Type_Roche_EB.png/30px-Ic%C3%B4ne_Type_Roche_EB.png,https://assets.pokemon.com/assets/cms2/img/pokedex/full/140.png
Kabutops,Pokémon Carapace,https://www.pokepedia.fr/images/thumb/e/e9/Ic%C3%B4ne_Type_Roche_EB.png/30px-Ic%C3%B4ne_Type_Roche_EB.png,https://assets.pokemon.com/assets/cms2/img/pokedex/full/141.png
Ptéra,Pokémon Fossile,https://www.pokepedia.fr/images/thumb/e/e9/Ic%C3%B4ne_Type_Roche_EB.png/30px-Ic%C3%B4ne_Type_Roche_EB.png,https://assets.pokemon.com/assets/cms2/img/pokedex/full/142.png
Ronflex,Pokémon Pionceur,https://www.pokepedia.fr/images/thumb/5/55/Ic%C3%B4ne_Type_Normal_EB.png/30px-Ic%C3%B4ne_Type_Normal_EB.png,https://assets.pokemon.com/assets/cms2/img/pokedex/full/143.png
Artikodin,Pokémon Glaciaire,https://www.pokepedia.fr/images/thumb/7/7d/Ic%C3%B4ne_Type_Glace_EB.png/30px-Ic%C3%B4ne_Type_Glace_EB.png,https://assets.pokemon.com/assets/cms2/img/pokedex/full/144.png
Electhor,Pokémon Électrique,https://www.pokepedia.fr/images/thumb/c/c5/Ic%C3%B4ne_Type_%C3%89lectrik_EB.png/30px-Ic%C3%B4ne_Type_%C3%89lectrik_EB.png,https://assets.pokemon.com/assets/cms2/img/pokedex/full/145.png
Sulfura,Pokémon Flamme,https://www.pokepedia.fr/images/thumb/0/09/Ic%C3%B4ne_Type_Feu_EB.png/30px-Ic%C3%B4ne_Type_Feu_EB.png,https://assets.pokemon.com/assets/cms2/img/pokedex/full/146.png
Minidraco,Pokémon Dragon,https://www.pokepedia.fr/images/thumb/8/87/Ic%C3%B4ne_Type_Dragon_EB.png/30px-Ic%C3%B4ne_Type_Dragon_EB.png,https://assets.pokemon.com/assets/cms2/img/pokedex/full/147.png
Draco,Pokémon Dragon,https://www.pokepedia.fr/images/thumb/8/87/Ic%C3%B4ne_Type_Dragon_EB.png/30px-Ic%C3%B4ne_Type_Dragon_EB.png,https://assets.pokemon.com/assets/cms2/img/pokedex/full/148.png
Dracolosse,Pokémon Dragon,https://www.pokepedia.fr/images/thumb/8/87/Ic%C3%B4ne_Type_Dragon_EB.png/30px-Ic%C3%B4ne_Type_Dragon_EB.png,https://assets.pokemon.com/assets/cms2/img/pokedex/full/149.png
Mewtwo,Pokémon Génétique,https://www.pokepedia.fr/images/thumb/9/98/Ic%C3%B4ne_Type_Psy_EB.png/30px-Ic%C3%B4ne_Type_Psy_EB.png,https://assets.pokemon.com/assets/cms2/img/pokedex/full/150.png
Mew,Pokémon Nouveau,https://www.pokepedia.fr/images/thumb/9/98/Ic%C3%B4ne_Type_Psy_EB.png/30px-Ic%C3%B4ne_Type_Psy_EB.png,https://assets.pokemon.com/assets/cms2/img/pokedex/full/151.png
